Optimizer,dim,images,objfname,ExecutionTime,Iter1,Iter2,Iter3,Iter4,Iter5,Iter6,Iter7,Iter8,Iter9,Iter10,Iterpsnr10,Iterssim10,Iterfsim10,Iterncc10,Itermse10
GWO,2,otsu,bear,1.6729934215545654,3.553416264596614e+16,3.939085197799267e+16,3.9402967608380056e+16,3.9402967608380056e+16,3.971863807413664e+16,4.0071515460272e+16,4.0071515460272e+16,4.0071515460272e+16,4.0071515460272e+16,4.010210451048062e+16,27.466904708278285,27.453879035324427,27.56349368570639,27.56349368570639,27.556959750475045,27.568309104073773,27.568309104073773,27.568309104073773,27.568309104073773,27.80432189564014,0.31071071634446507,0.3274341544243338,0.3925462227035833,0.3925462227035833,0.3955304511645202,0.39754091059814217,0.39754091059814217,0.39754091059814217,0.39754091059814217,0.40658326940190936,0.0,0.0,0.0,0.0,0.0,0.0,0.0,0.0,0.0,0.0,0.0,0.0,0.0,0.0,0.0,0.0,0.0,0.0,0.0,0.0,5715.413125562658,6064.3917396908055,6469.030310684517,6469.030310684517,6674.13319861918,6981.514180607639,6981.514180607639,6981.514180607639,6981.514180607639,8150.33013387219
GWO,2,otsu,bear,2.2090036869049072,2.7680713444816776e+16,2.7680713444816776e+16,3.0991942588306684e+16,3.0991942588306684e+16,3.0991942588306684e+16,3.3484151407219196e+16,3.3484151407219196e+16,3.3602531998288052e+16,3.3602531998288052e+16,3.3602531998288052e+16,28.02652348686914,28.02652348686914,28.171135849199498,28.171135849199498,28.171135849199498,27.71961035101331,27.71961035101331,27.882577913038684,27.882577913038684,27.882577913038684,0.22672197042969588,0.22672197042969588,0.10395508863714287,0.10395508863714287,0.10395508863714287,-0.024907986076720488,-0.024907986076720488,-0.02847535817904587,-0.02847535817904587,-0.02847535817904587,0.0,0.0,0.0,0.0,0.0,0.0,0.0,0.0,0.0,0.0,0.0,0.0,0.0,0.0,0.0,0.0,0.0,0.0,0.0,0.0,20087.366875862204,20087.366875862204,14111.411804327692,14111.411804327692,14111.411804327692,10796.523539355316,10796.523539355316,11131.307899560235,11131.307899560235,11131.307899560235
