Optimizer,dim,images,objfname,ExecutionTime,Iter1,Iter2,Iter3,Iter4,Iter5,Iter6,Iter7,Iter8,Iter9,Iter10,Iterpsnr10,Iterssim10,Iterfsim10,Iterncc10,Itermse10
GWO,2,otsu,bear2,1.6960070133209229,1.089455447890012,1.0904809344008939,1.0906863472639592,1.0906863472639592,1.090798553554056,1.090798553554056,1.0909144810512914,1.0909325188709365,1.0909325188709365,1.0909325188709365,28.653153157051655,28.65322072677477,28.544585520648155,28.544585520648155,28.681011352518418,28.681011352518418,28.549299225713348,28.587061712573544,28.587061712573544,28.587061712573544,0.22052352586651164,0.24301227802268105,0.22767462856363646,0.22767462856363646,0.2528345869897133,0.2528345869897133,0.23053376901389616,0.23586078106939865,0.23586078106939865,0.23586078106939865,0.0,0.0,0.0,0.0,0.0,0.0,0.0,0.0,0.0,0.0,0.0,0.0,0.0,0.0,0.0,0.0,0.0,0.0,0.0,0.0,9573.192304453987,9650.719956476965,9836.032843051535,9836.032843051535,9455.850985421079,9455.850985421079,9700.319764768363,9612.875460651161,9612.875460651161,9612.875460651161
GWO,3,otsu,bear2,2.094999313354492,1.0894796145326713,1.090329317962977,1.0916472448068766,1.092211121961971,1.0931424763807935,1.0931424763807935,1.0935989817729523,1.0936432887212015,1.093653010351813,1.093653010351813,28.836679542103795,28.653041812055,28.801116730818297,28.867779880638338,28.62354984656686,28.62354984656686,28.744544504081833,28.757158860955776,28.824080552455843,28.824080552455843,0.22066585936090685,0.219583882381665,0.28786245516652464,0.29295503160405983,0.28510103208800075,0.28510103208800075,0.3116174245092887,0.3109266588432988,0.3214762468779778,0.3214762468779778,0.0,0.0,0.0,0.0,0.0,0.0,0.0,0.0,0.0,0.0,0.0,0.0,0.0,0.0,0.0,0.0,0.0,0.0,0.0,0.0,10022.562548170024,9926.984617975273,8859.803680027979,8726.572923750495,8603.641317089916,8603.641317089916,8329.866697754549,8371.937513358074,8165.271261196495,8165.271261196495
