Optimizer,dim,images,objfname,ExecutionTime,Iter1,Iter2,Iter3,Iter4,Iter5,Iter6,Iter7,Iter8,Iter9,Iter10,Iterpsnr10,Iterssim10,Iterfsim10,Iterncc10,Itermse10
GWO,2,otsu,bear2,1.7882106304168701,190591602986.26044,195108561748.91547,195108561748.91547,195108561748.91547,195108561748.91547,198178286830.8297,198178286830.8297,198178286830.8297,198178286830.8297,198178286830.8297,27.5465982921479,27.283551474225472,27.283551474225472,27.283551474225472,27.283551474225472,27.208863459480426,27.208863459480426,27.208863459480426,27.208863459480426,27.208863459480426,0.6210849815016353,0.5796848452677916,0.5796848452677916,0.5796848452677916,0.5796848452677916,0.5917812135195306,0.5917812135195306,0.5917812135195306,0.5917812135195306,0.5917812135195306,0.0,0.0,0.0,0.0,0.0,0.0,0.0,0.0,0.0,0.0,0.0,0.0,0.0,0.0,0.0,0.0,0.0,0.0,0.0,0.0,3868.7452218573712,5039.651168062383,5039.651168062383,5039.651168062383,5039.651168062383,5172.802760344816,5172.802760344816,5172.802760344816,5172.802760344816,5172.802760344816
GWO,2,otsu,bear2,2.932319164276123,183718161899.0739,185762818429.3933,186811397717.0696,194406571475.46753,194406571475.46753,194406571475.46753,194406571475.46753,198928915780.55292,199731827695.085,199731827695.085,27.864583906953722,27.452542017707597,27.288925925284374,27.20206513139628,27.20206513139628,27.20206513139628,27.20206513139628,27.09899794154432,27.237119738772734,27.237119738772734,0.52940136494134,0.5541967609951686,0.592535771832123,0.6001422887849133,0.6001422887849133,0.6001422887849133,0.6001422887849133,0.5981035708515304,0.5968644603493413,0.5968644603493413,0.0,0.0,0.0,0.0,0.0,0.0,0.0,0.0,0.0,0.0,0.0,0.0,0.0,0.0,0.0,0.0,0.0,0.0,0.0,0.0,17068.655792384765,12287.463895959223,7518.615986943089,6150.638221255043,6150.638221255043,6150.638221255043,6150.638221255043,5445.750500320593,5090.046586485839,5090.046586485839
