Optimizer,dim,images,objfname,ExecutionTime,Iter1,Iter2,Iter3,Iter4,Iter5,Iter6,Iter7,Iter8,Iter9,Iter10,Iterpsnr10,Iterssim10,Iterfsim10,Iterncc10,Itermse10
GWO,2,otsu,bear2,1.8330016136169434,7.064631544247581e-06,7.064631544247581e-06,7.064631544247581e-06,7.065347118197913e-06,7.065347118197913e-06,7.065500668680916e-06,7.065500668680916e-06,7.065500668680916e-06,7.065579360696735e-06,7.065579360696735e-06,28.684175170440316,28.684175170440316,28.684175170440316,28.554266113196448,28.554266113196448,28.555882886070457,28.555882886070457,28.555882886070457,28.587061712573544,28.587061712573544,0.2456329118571482,0.2456329118571482,0.2456329118571482,0.23154370549908115,0.23154370549908115,0.2411739641570177,0.2411739641570177,0.2411739641570177,0.23586078106939865,0.23586078106939865,0.0,0.0,0.0,0.0,0.0,0.0,0.0,0.0,0.0,0.0,0.0,0.0,0.0,0.0,0.0,0.0,0.0,0.0,0.0,0.0,9545.823964870693,9545.823964870693,9545.823964870693,9665.070906276515,9665.070906276515,9592.425800351033,9592.425800351033,9592.425800351033,9612.875460651161,9612.875460651161
GWO,3,otsu,bear2,2.283998966217041,7.069900062636477e-06,7.069900062636477e-06,7.073773848677143e-06,7.073773848677143e-06,7.0744357177164275e-06,7.07813918859062e-06,7.082073568957928e-06,7.0826174934024935e-06,7.0831360465359776e-06,7.0831360465359776e-06,28.753263578152676,28.753263578152676,28.85095832108017,28.85095832108017,28.206416381024113,28.594733458344056,28.79872761565577,28.81745670078009,28.757158860955776,28.757158860955776,0.2868658869682971,0.2868658869682971,0.3527305822950879,0.3527305822950879,0.4801327985102752,0.2841009955231601,0.2979283328146274,0.30287195108143095,0.3109266588432988,0.3109266588432988,0.0,0.0,0.0,0.0,0.0,0.0,0.0,0.0,0.0,0.0,0.0,0.0,0.0,0.0,0.0,0.0,0.0,0.0,0.0,0.0,8926.976159480831,8926.976159480831,7766.598260373961,7766.598260373961,5714.778162058536,8576.259862306591,8429.213211054333,8392.656278132914,8371.937513358074,8371.937513358074
